emp_no,first_name,last_name
11157,Mario,Cochrane
11432,Yongmao,Zwicker
12155,Keiichiro,Glinert
14127,Magdalena,Cannard
14476,Sastry,Marrevee
15050,Nikolaos,Kruskal
15413,Arvin,Rabejac
17206,Berry,DeMori
17369,Yaghout,Kenevan
17799,Gro,Gini
17988,Mabhin,Calkin
18021,Adil,Matzke
18424,Filipp,Rousseau
18810,Taiji,Jarecki
19236,Elzbieta,Morris
19803,Ziva,Kowalchuk
20129,Rafael,Skafidas
20313,Candida,Benveniste
20712,Valeri,Escriba
20885,Otmar,Rothenberg
21188,Piyush,Danecki
22926,Manibrata,Genther
24377,Lubomir,Wroclawski
24571,Cordelia,Gischer
26617,Berto,Bruckman
26671,Jiakeng,Kalorkoti
26788,Zongyan,Dalphin
27620,Shuji,Kandlur
27699,Falguni,Pezzoli
28193,Xinglin,Mitsuhashi
30007,Kousuke,Vecchio
30182,Leon,Potthoff
30465,Randi,Avouris
30552,Yishai,Terlouw
31514,Harngdar,Schapire
31599,Qingxiang,Gewali
31909,Murthy,Peek
32844,Tadahiko,Melton
34452,Naftaly,Foong
35044,Jiang,Waschkowski
35441,Chandrasekaran,Peek
35642,Ashish,Talmon
36982,Kotesh,Rajala
37592,Berni,Stranks
38043,Michaela,Randi
38103,Masasuke,Babu
38593,Huei,Orsini
39268,Constantijn,Awdeh
39341,Mahmut,Lampe
40283,Sudhanshu,Boissier
40536,Harngdar,Bernardinello
40785,Youpyo,Castellani
41357,Willard,Vernadat
41552,Uno,Heyers
42911,Brigham,Eterovic
42955,Yucel,Lortz
43848,Phillip,Oxenboll
44054,Alenka,Ritcey
44265,Maria,Eppinger
44959,Volkmar,Uhrik
45162,Dulce,Speel
46943,Pasqua,Maraist
47139,Marco,Usdin
47262,Gonzalo,Binkley
48882,Leen,Lamparter
49017,Filipp,Flanders
49119,Lena,Peek
49177,Tze,Bach
50293,Xinan,Rindone
50360,Sumali,Kushner
51060,Youngkon,Rohrbach
51142,Rosine,Lakshmanan
52599,Augustine,Mungall
52956,Khalil,Picci
52970,Lobel,Werthner
53088,Mechthild,Lamma
53499,Zdislav,Mandelberg
53597,Jiafu,Marchegay
53924,Arnould,Gaughan
54198,Shaowen,Segond
55121,Toshiko,Alblas
55640,Adit,Syrotiuk
55799,Jianwen,Litzler
56105,Makato,Remmers
56209,Remzi,Douceur
56829,Nagui,Gruenwald
57934,Sanjoy,Boudaillier
58217,Kiyotoshi,Kusalik
58384,Mariusz,Vural
58454,Ziya,Zambonelli
58990,Palash,Trelles
60559,Jeanna,Stemann
60845,Bedir,Siegrist
60875,Rildo,Masaki
61253,Cheong,Uhrik
61541,Kasidit,Papsdorf
62033,Heeju,Cappelli
62046,Karlis,Nanard
62245,Adel,Bressoud
63294,Tetsushi,Tanemo
63706,Sedat,Itzigehl
64487,Tsutomu,Rebaine
64532,Atilio,Segond
64790,Shin,Piveteau
64984,Eldridge,Eldridge
65013,Chandrasekaran,Peral
65539,Aksel,Picaronny
66382,Domenico,Candan
66643,Jianhao,Tomescu
66702,Deniz,Thibadeau
66807,Aiman,Rosaz
67934,Aiman,Gargeya
68608,Yucai,Seghrouchni
69878,Chinya,Cooke
71243,Kinh,Buchter
71334,Cathie,Peck
72190,Sajjad,Waeselynck
72640,Honglan,Hutton
73516,Qingxiang,Badache
73743,Anneke,Bernardeschi
73794,Aiichiro,Castellani
73903,Bartek,Cappello
74237,Jaihie,Vilarrasa
74344,Hiroyasu,Provine
75113,Zissis,Birch
75420,Clyde,Vrecion
76189,Kolar,Hinsberger
76598,Keung,Ferriere
76640,Tristan,Mitsuhashi
77815,Ronghao,Picaronny
78363,Susumu,Fritzsche
80656,Kwan,Gide
81619,Gen,Aloisi
82069,Yechezkel,Perfilyeva
82098,Poornachandra,Wilharm
82511,Uwe,Koblick
82919,Shigeu,Claffy
83289,Shigeichiro,Engelmann
83509,Breannda,Collavizza
83922,Shunichi,Solovay
84508,Tommaso,Vidya
84922,Parke,Unno
85702,Udi,Merks
86546,Oldrich,Woycyznski
86655,Zhenhua,Lorys
88411,Lena,Cannane
88647,Vasiliy,Ratnaker
88965,Mang,Hedayat
89048,Otmar,Birjandi
89346,Mansur,Comyn
89487,Kazuhira,Seiwald
89680,Aiman,Mawatari
90077,Vivian,Guerreiro
90084,Renny,Bale
90211,Bader,Denis
91229,Yahiko,Hebden
91308,Remmert,Plumb
91462,Siamak,Janocha
91934,Nikolaus,Swen
92454,Visit,McFarlan
92920,Huei,Hutter
93278,Magdalena,Penn
95286,Kristin,Guerreiro
95406,Alair,Lyonns
95416,Gianluca,Ramaiah
95509,Kristinn,Loncour
95692,Abdulah,Hofstetter
96579,Mohan,Tasistro
96767,Arumugam,Vecchio
100865,Hisao,Peral
100877,Kazuhide,Harnett
100916,Heejo,Aamodt
102620,Adin,Templeman
103316,Susanne,Peternell
103342,Beshir,Hellwagner
104962,Zongyan,Auyong
104988,Parviz,Litzler
105191,Jaber,Kleiser
105432,Mohamadou,Stafford
105589,Yechiam,Egerstedt
109552,Menkae,Etalle
109703,Arco,Walston
202031,Annemarie,Peternell
202291,Ortrun,Schmiedel
202403,Gully,Perko
202552,Morris,Saoudi
202826,Kerhong,Matzke
203697,Claude,Kemmerer
204471,Franziska,Maginnis
204764,Susanne,Mandelberg
205018,Yahiko,Awdeh
205627,Stabislas,Broder
205863,Aiichiro,Kusalik
206372,Temple,Joslin
206966,Tzu,Sichman
207021,Jacqueline,Akaboshi
208147,Manu,Rothenberg
209456,Adhemar,Leonhardt
209945,Roded,Veevers
210449,Gino,Lagarias
211879,Gao,Ranze
211967,Anwar,Bain
212074,Tomokazu,Byoun
212703,Kien,Bennis
213384,Pranas,Narwekar
213447,Armond,Perly
214184,Sivanarayana,Ranka
214427,Peer,Molberg
214539,Ingmar,Kohling
214634,Shirish,Vickson
214789,Arfst,Chepyzhov
214995,Dinkar,Hoppenstand
216342,Aiichiro,Cromarty
216502,Xiaocheng,Suermann
216573,Ashish,Vidya
217320,Abdelwaheb,Denis
217387,Jianhao,Molenaar
217551,Panayotis,Lukaszewicz
218831,Unal,DuBourdieux
219047,Aemilian,Kusalik
221126,Tesuya,dAstous
221369,Abdulah,Pocchiola
221435,Djenana,Marrevee
221699,Szabolcs,Georgatos
222952,Gopalakrishnan,Suermann
224135,Annemarie,Bressoud
225601,Masasuke,Genin
225788,Ipke,Kieras
227354,Gio,Murtha
227476,Macha,Schnabel
228098,IEEE,Kroll
228575,Takanari,Pelc
228766,Nahla,Smailagic
229352,Kwangho,Petereit
229391,Paloma,Henseler
229727,Ewing,Millington
229981,Jamaludin,Fordan
232697,Barry,Ramsak
232723,Tesuya,Bugrara
233247,Murthy,Angiulli
233394,Khalid,Lenart
233426,Etsuo,Usery
233690,Cedric,Riefers
233759,Zissis,Lodder
233765,Kotesh,Chachaty
235325,Gro,Prochazka
239415,Susumu,Brender
239426,Vesna,Fairtlough
239664,Sugwoo,Michaels
240253,Shrikanth,Ramaiah
240340,Mack,Staylopatis
241100,Cedric,Molenaar
241567,Emran,Miara
241667,Atilio,Olivero
242081,Tomokazu,Pargas
242314,Miyeon,Burnard
242611,Frazer,Flanders
242800,Kazuyasu,Levergood
242867,Paddy,Nittel
244820,Shigenori,Hertweck
245164,Filipp,Winter
246146,Zhongwei,Melski
246364,Alper,Tiemann
247456,Masako,Bahk
247612,Chiranjit,Constantine
247888,Abdelghani,Lagarias
249451,Gopalakrishnan,Pehl
249799,Jolita,Neimat
249969,Georgi,Luiz
251233,Yucel,Bernini
251437,Shichao,Iwayama
252316,Gill,Niizuma
252392,Sanjeeva,Peron
253029,Thodoros,Thimonier
255657,Oldrich,Cyre
256216,Halsur,Brodal
256881,Ioana,Jakobus
257062,Stabislas,Pardalos
257799,Sushant,Riefers
258028,Mountaz,Reinhart
258376,Jaber,Falco
258643,Przemyslawa,Esposito
260361,Reinhold,Rahier
261631,Jianhua,Huttel
262154,Wonhee,Vrecion
262548,Jixiang,Loncour
262752,Pramod,Bierman
263721,Abdulah,Horswill
264939,Bogdan,Bahi
265521,Kensei,Salverda
265875,Fan,Marsiglia
266981,Toshimi,Kragelund
267227,Susuma,Tagansky
268043,Narain,Mikschl
268890,Somnath,Uhrik
270792,Domenico,Wendorf
271106,Taisook,Kampfer
271219,Odoardo,Tyugu
271975,Yuchang,Busillo
272316,Surveyors,Muhling
272452,Mitsuyuki,Isard
273274,Yolla,Kobara
273286,Brigham,Asmuth
273396,Wayne,Baba
275158,Satyanarayana,Brandsma
275994,Uma,Prampolini
276472,Hideyuki,Flanders
276922,Yongmin,Sidje
278883,Hidefumi,Saoudi
279115,Maren,DuCasse
279280,Niranjan,Debuse
280648,Heeju,Lorys
281848,Parke,Staylopatis
282000,Hideo,Ratnakar
282191,Alper,Shinomoto
282547,Nahum,Codenie
282699,Candida,Felcyn
282894,Fay,Bellmore
284045,Fun,Seiwald
284687,Oksana,Redmiles
284717,Gal,Ranta
284856,Moto,Kobara
284954,Anneke,Hammerschmidt
285318,Theron,Ravishankar
285396,Lena,Kohling
285906,Arnould,Buescher
286452,Behnaam,Bierbaum
286573,Nahum,Nishimukai
286779,Sigeru,Versino
287334,Elliott,Speer
287482,Shigeaki,Gihr
287583,Jovan,Hockney
287822,Mooi,Perfilyeva
288028,Kauko,Narwekar
288893,Bedrich,Rosenbaum
290284,Kwangjo,Menhardt
290478,Tsvetan,Sherertz
291612,Siamak,Gomatam
291669,Faiza,Bach
292110,Menkae,Showalter
292146,Khatoun,Pulkowski
292210,Masaru,Huhdanpaa
292515,Bernd,Thummel
293329,Fumiya,Griswold
294652,Hironobu,Brodie
295236,Kauko,Fujisawa
295476,Shawna,Chiodo
297804,Vasilis,Ginneken
299580,Luisa,Itzfeldt
400344,Yishai,Sessa
400780,Poornachandra,Asser
400796,Bodo,Halevi
401278,Oguz,Schurmann
401333,Martins,Shokrollahi
402025,Shigehito,Duclos
402102,Kersti,Granlund
403237,Muneo,Gunderson
403455,Marko,Velardi
403954,Jeanna,Bratten
404236,Zengping,Kakkar
404788,Basem,Beausoleil
404879,Jeanne,Kaminger
406239,Marek,Tomescu
406299,Kitty,Kolvik
406564,Parviz,Picco
408019,Shridhar,Chleq
408114,Geoffrey,Ladret
409391,Willard,Verspoor
409712,Etsuo,Andreotta
409898,Divier,Ishibashi
410372,Duri,Mitina
410616,Gudjon,Kalorkoti
411070,Otmar,Brandsma
411082,Martine,Cangellaris
411906,Anneli,Pappas
412757,Leen,Peak
413554,Elvia,Schwartzburd
414027,Tadanori,Msuda
414091,Wuxu,Kuhnemann
414662,Ipke,Schneeberger
414808,Aris,Sambasivam
415234,Ewing,Baak
415563,Mrinalini,Bierbaum
416383,Nectarios,Itschner
416455,Laurentiu,Morton
416660,Nathalie,Luke
416720,Tokuyasu,Xiaoshan
416892,Shooichi,Vandervoorde
418309,Danel,Petereit
418606,Michaela,Otillio
419388,Nikolaos,Bamford
420086,Susuma,Kitsuregawa
420599,Hidde,Riexinger
421039,Aemilian,Zedlitz
421312,Mariangiola,Bashian
422146,Kenton,Miara
422783,Jagoda,Uhrig
423208,Joydip,Krone
424569,Danco,Luff
424584,Kagan,Dredge
424714,Nathan,Vendrig
424984,Vasilis,Waleschkowski
425437,Moni,Staudhammer
425830,Guther,Conia
426228,Supot,Badache
426611,Serap,Bahi
426683,Xudong,Muntz
426819,Sandeepan,Kulisch
426958,Weijing,Viele
427571,Torsten,Ranta
427659,Mariusz,Ritcey
428294,Nimmagadda,Kusakari
429481,Subhada,Emmerich
429520,Yongqiao,Francisci
430054,Erzsebet,Setiz
430558,Xiong,Roisin
430631,Kersti,Marsiglia
431759,Alassane,Ramsay
431882,Hideo,Varman
432257,Kwangjo,Hiltgen
432399,Nitsan,Nollmann
432523,Takahiro,Maquelin
432665,Flemming,Driscoll
435357,Jaques,Standera
435791,Hercules,Speer
438557,Lidong,Swist
441651,Aimee,Billawala
441954,Leszek,Marchegay
442312,Zengping,Cusworth
442490,Navid,Luke
442653,Mona,Hebden
442704,Terresa,Milicia
442898,Aksel,Gire
445067,Eldridge,Kawashima
445226,Oscar,Baumann
445456,Apostol,Gruenwald
445950,Ebru,Valtorta
446424,DAIDA,Nooteboom
446785,Yuping,Papastamatiou
447018,Dannz,Miara
447191,Dmitri,Rousseau
447290,Maria,Miculan
447613,Paris,Restivo
447966,Kamakshi,Hebert
447982,Shiv,Baezner
447999,Shiv,Vilarrasa
448918,Chiradeep,Arlazarov
449984,Hinrich,Perin
450371,Eldridge,Pargaonkar
450421,Selwyn,Munoz
450817,DAIDA,Frolund
450934,Chanjung,Raoux
451272,Jacopo,Krohm
452137,Subir,Miake
452325,Taiji,Berstel
453688,Chinya,Leslie
453723,Arne,Kohling
454338,Mohammed,Georg
454736,Nechama,Ermel
454825,Kamakshi,Schusler
454994,Mohan,Picht
455284,Luisa,Baig
455296,Mang,Sundgren
455814,Giao,DuCasse
455914,Peer,Angelopoulos
457489,Berna,Ranst
457611,Indrajit,Krogh
457776,Florian,Siepmann
457813,Foong,Gargeya
458111,Florian,Tramer
458383,Mabhin,Foote
458790,Ramya,Azadmanesh
458919,Kaijung,Papadias
459172,Val,Rissanen
459356,Pramod,Wendorf
459685,Hirochika,Goldhammer
461120,Shietung,Gelosh
462493,Paloma,Gerlach
465062,Stafford,Gist
465076,Tokuyasu,Ghelli
465711,Lakshmi,Frijda
467441,Margareta,Bondorf
468659,Ranga,Lemarechal
469104,Nadjib,Comellas
469253,Baruch,Basawa
469269,Weiyi,Codenie
469399,Hongzhu,Ruemmler
469529,Neven,Rikino
471397,Nigel,Zirintsis
471911,Arun,Zaccaria
473940,Avishai,Majewski
474162,Ung,Taubenfeld
474763,Mayuko,Clouatre
474918,Rasikan,Khalil
475938,Shigeaki,Lanteri
476122,Khun,Spieker
476327,Reinhold,Binkley
477352,Nikolaos,Lorch
477578,Marit,Paludetto
477969,Bluma,Mundy
478007,Fumino,Narahara
478170,Doowon,Schoegge
478218,Djenana,Erol
478768,Arun,Katzenelson
479024,Ewing,Kalorkoti
480066,Suebskul,Menhardt
480571,Anoosh,Wielonsky
481148,Gina,Decaestecker
482335,Kwangyoen,Peck
482885,Shaunak,Brizzi
483675,Hausi,Kamber
484498,Herbert,Hammerschmidt
484756,Phule,Ruemmler
485579,Munehiro,Iwayama
485817,Mahmut,Bolotov
486955,Jaber,Feldmann
486956,Matt,Ruemmler
486958,Tonny,Kropf
487856,Jaewon,Mansanne
488414,Changho,Gaughan
488482,Kensyu,Tsunoo
488619,Georgy,Bennis
489465,Bogdan,Pepe
490551,Lalit,Lindqvist
490557,Luise,Vigier
492639,Sanjoy,Porenta
493096,Sachem,Msuda
493278,Shaleah,Pileggi
495969,Geoffrey,Panienski
497391,Paris,Lieblein
497409,Reinhard,Erde
499260,Danae,Honglei
499495,Baoqiu,Kakkar
